{
  "project_info": {
    "project_number": "415242249172",
    "firebase_url": "https://project-yasoft-0002.firebaseio.com",
    "project_id": "project-yasoft-0002",
    "storage_bucket": "project-yasoft-0002.appspot.com"
  },
  "client": [
    {
      "client_info": {
        "mobilesdk_app_id": "1:415242249172:android:c0c457ea98bfb8b3",
        "android_client_info": {
          "package_name": "com.yasoft.smsar"
        }
      },
      "oauth_client": [
        {
          "client_id": "415242249172-i1hcjmgrvvup4hhbr9folei9t5aql1kr.apps.googleusercontent.com",
          "client_type": 3
        }
      ],
      "api_key": [
        {
          "current_key": "AIzaSyBJCEEqCki-UejAxCVaz5QKNBPHIY3FxEk"
        }
      ],
      "services": {
        "analytics_service": {
          "status": 1
        },
        "appinvite_service": {
          "status": 1,
          "other_platform_oauth_client": []
        },
        "ads_service": {
          "status": 2
        }
      }
    }
  ],
  "configuration_version": "1"
}